Time series;Closing price;MA;Trend;Trading signal
1;376.28;376.28;no;0.43491124260354325
2;376.72;376.5;no;0.33465346534653906
3;373.34;375.44666666666666;no;0.0
4;378.39;376.1825;no;0.33333333333332965
5;379.25;376.796;no;0.5
6;376.67;376.775;no;0.5
7;365.2;375.1214285714285;no;0.0
8;374.95;375.1;no;0.0
9;375.07;375.0966666666666;no;0.4265905383360517
10;376.87;375.274;no;0.5
11;364.61;374.30454545454535;no;0.5
12;350.49;372.32;no;0.5
13;348.13;370.45923076923066;no;0.0
14;348.98;368.92499999999984;no;0.0
15;354.48;367.9619999999999;down;0.5
16;351.45;366.30666666666656;down;0.5
17;350.17;364.53666666666663;down;0.5
18;350.17;362.99199999999985;down;0.5
19;330.02;359.7673333333332;down;0.5
20;321.1;355.8906666666665;down;0.5
21;312.17;351.5906666666665;down;0.0
22;318.0;348.44399999999985;down;0.0
23;329.99;345.4466666666665;down;0.46404341926730175
24;323.15;341.9853333333332;down;0.0
25;330.52;338.8953333333332;down;0.31385767790262104
26;335.49;336.95399999999984;down;0.5
27;322.14;335.0639999999999;down;0.11966927763272402
28;319.39;333.1479999999999;down;0.11674449633088718
29;330.88;331.94133333333326;down;0.5
30;315.89;329.36866666666657;down;0.3
31;316.63;327.04733333333326;down;0.5
32;314.78;324.68799999999993;down;0.1942544459644305
33;311.94;322.13933333333324;down;0.0
34;319.25;321.4213333333332;down;0.5
35;316.31;321.1019999999998;down;0.49672131147541004
36;316.51;321.3913333333332;no;0.5
37;286.01;319.25866666666656;no;0.5
38;264.62;314.9006666666665;no;0.0
39;276.8;311.81066666666663;no;nan
40;276.8;308.22933333333333;down;nan
41;276.8;304.31666666666666;down;nan
42;276.8;301.29399999999987;down;nan
43;276.8;298.45466666666664;down;nan
44;276.8;294.84933333333333;down;0.5
45;276.8;292.2433333333332;down;0.5
46;268.16;289.0119999999999;down;0.5
47;221.0;282.75999999999993;down;0.5
48;162.0;272.7639999999999;down;0.0
49;208.81;265.40133333333324;down;0.5
50;206.6;258.08733333333333;down;0.28710247349823337
51;200.1;250.32666666666657;down;0.0
52;211.42;245.35399999999993;down;0.029310344827584135
53;216.88;242.17133333333325;down;0.16561964591661868
54;211.08;237.78999999999994;down;0.0
55;228.59;234.57599999999994;down;0.0
56;233.0;231.65599999999992;no;0.0
57;233.03;228.73799999999991;no;0.0
58;249.99;226.95066666666656;no;0.0
59;253.09;225.36999999999992;no;0.0
60;269.5;224.8833333333332;no;0.5
61;262.99;224.53866666666653;no;0.5
62;236.2;225.55199999999985;no;0.5
63;234.75;230.40199999999987;no;0.5
64;232.6;231.98799999999986;no;0.5
65;217.98;232.74666666666653;no;0.06862321968062106
66;214.8;233.72666666666652;no;0.0
67;237.97;235.49666666666653;no;0.5
68;227.35;236.19466666666648;no;0.5
69;227.0;237.25599999999986;no;0.5
70;217.0;236.4833333333332;no;0.0
71;222.88;235.80866666666648;no;0.0
72;228.61;235.51399999999984;no;0.5
73;224.19;233.7939999999999;down;0.5
74;220.72;231.63599999999985;down;0.43715846994535745
75;220.95;228.3993333333332;down;0.2739520958083806
76;219.12;225.47466666666645;down;0.0
77;222.46;224.55866666666645;down;0.0
78;236.86;224.69933333333321;no;0.059648388447049484
79;257.9;226.38599999999985;no;0.5
80;234.01;227.4546666666665;no;0.0
81;236.55;228.9046666666665;no;0.04143947655398135
82;244.96;229.37066666666644;up;1.0
83;235.79;229.9333333333332;up;0.5
84;242.67;230.9779999999999;up;0.5
85;246.1;232.91799999999984;up;1.0
86;245.87;234.45066666666648;up;1.0
87;236.68;234.9886666666665;up;0.5
88;238.92;235.9706666666665;up;0.7721893491124228
89;239.69;237.23533333333322;up;1.0
90;238.0;238.37199999999984;no;0.03973105134474359
91;236.7;239.54399999999984;no;0.0
92;253.06;241.58399999999986;no;0.014134275618376706
93;252.98;242.65866666666648;no;0.0
94;255.81;242.51933333333318;no;0.0
95;274.0;245.18533333333318;no;0.22737186477644541
96;279.0;248.01533333333316;no;0.5
97;269.83;249.67333333333312;no;0.0
98;273.8;252.20733333333317;up;0.6158798283261855
99;273.26;254.24666666666644;up;0.5
100;275.59;256.2126666666665;up;0.5289017341040457
101;274.89;258.1473333333332;up;0.5
102;287.0;261.50199999999984;up;0.5
103;290.24;264.92333333333323;up;0.5
104;295.11;268.6179999999998;up;0.9798387096774199
105;295.56;272.4553333333332;up;1.0
106;284.4;275.6353333333331;up;0.7297297297297289
107;282.7;277.6113333333331;up;0.5
108;286.4;279.8393333333331;up;0.6851145038167934
109;289.7;282.09866666666636;up;1.0
110;284.46;282.7959999999997;up;1.0
111;257.29;281.3486666666664;no;0.0
112;262.01;280.827333333333;no;0.48253275109170624
113;262.09;280.0466666666664;no;0.11939520333680759
114;259.8;279.149333333333;no;0.0
115;269.39;278.7359999999997;down;0.5
116;265.84;278.1326666666664;down;0.5
117;246.93;275.4613333333331;down;0.0
118;247.68;272.6239999999998;down;0.0
119;249.46;269.58066666666645;down;0.16232227488151718
120;248.09;266.4159999999997;down;0.29150197628458513
121;252.31;264.2766666666664;down;0.5
122;242.19;261.5759999999998;down;0.0
123;247.69;258.995333333333;down;0.5
124;243.98;255.9473333333331;down;0.0
125;245.98;253.38199999999972;down;0.0
126;253.16;253.10666666666646;no;0.0
127;253.79;252.55866666666645;no;0.024113475177305166
128;253.45;251.9826666666664;no;0.0
129;260.5;252.02933333333303;no;0.5
130;255.83;251.125333333333;no;0.5
131;254.45;250.3659999999997;no;0.5
132;244.09;250.17666666666642;no;0.5
133;243.53;249.89999999999972;no;0.5
134;234.77;248.92066666666642;no;0.0
135;237.34;248.20399999999972;no;0.5
136;236.3;247.13666666666646;down;0.5
137;222.87;245.84866666666642;down;0.5
138;216.42;243.76399999999973;down;0.0
139;221.51;242.26599999999974;down;0.0
140;227.59;241.03999999999982;down;0.5
141;221.86;238.95333333333312;down;0.0
142;223.14;236.9099999999998;down;0.1059322033898299
143;222.89;234.87266666666645;down;0.0
144;224.07;232.44399999999985;down;0.0
145;234.13;230.99733333333322;no;0.26401869158878566
146;233.0;229.56733333333318;no;0.23774509803921634
147;235.14;228.9706666666665;no;0.5
148;231.06;228.13933333333316;no;0.5
149;226.28;227.57333333333318;no;0.5
150;219.49;226.3833333333332;no;0.0
151;226.01;225.69733333333318;no;0.5
152;225.11;225.8466666666665;no;0.0
153;225.49;226.4513333333332;no;0.0
154;235.75;227.4006666666665;no;0.5
155;231.96;227.69199999999984;no;0.0
156;233.9;228.4946666666665;no;0.0
157;239.18;229.56399999999985;no;0.5
158;237.93;230.5666666666665;up;1.0
159;234.37;231.25333333333316;up;0.8259943181818188
160;229.78;230.96333333333317;no;0.0
161;236.82;231.21799999999985;no;0.0
162;243.16;231.75266666666644;no;0.5
163;241.4;232.44199999999984;no;0.5
164;239.08;233.29533333333316;no;0.01739130434782872
165;239.0;234.5959999999998;up;0.7386363636363626
166;241.3;235.61533333333315;up;1.0
167;236.9;236.40133333333316;up;0.5
168;236.95;237.16533333333308;no;0.4440789473684162
169;237.12;237.25666666666646;no;0.5
170;235.6;237.49933333333308;no;0.44094488188976155
171;236.05;237.64266666666646;no;0.5
172;232.24;237.17999999999972;no;0.13033175355450421
173;231.69;236.76399999999973;no;0.0
174;233.8;236.7259999999998;no;0.0
175;235.49;237.10666666666646;no;0.0
176;238.99;237.25133333333318;no;0.324873096446701
177;237.71;236.88799999999983;no;0.2654761904761916
178;239.68;236.77333333333317;no;0.5
179;235.48;236.53333333333322;no;0.08045977011493427
180;236.21;236.34733333333315;no;0.3883928571428576
181;235.34;235.94999999999985;no;0.0
182;236.46;235.92066666666645;no;0.5
183;236.02;235.8586666666665;no;0.5
184;232.07;235.52199999999985;no;0.5
185;229.08;235.08733333333322;no;0.5
186;223.67;234.26199999999986;no;0.0
187;224.78;233.7646666666665;no;0.43978102189780816
188;225.11;233.32599999999985;down;0.5
189;222.37;232.56399999999985;down;0.0
190;224.49;231.83066666666645;down;0.5
191;224.36;230.85533333333316;down;0.14285714285714285
192;222.86;229.86533333333315;down;0.0
193;228.11;229.09399999999985;down;0.15151515151515588
194;229.49;228.69466666666648;no;0.5
195;227.51;228.1146666666665;no;0.0
196;229.01;227.6926666666665;no;0.0
197;229.61;227.23599999999985;no;0.0
198;231.51;226.9353333333332;no;0.0
199;231.77;226.9153333333332;no;0.0
200;235.92;227.37133333333315;no;0.0
201;248.75;229.04333333333318;no;0.5
202;245.78;230.44333333333321;no;0.2526766595289085
203;248.09;231.9753333333332;up;1.0
204;243.42;233.37866666666648;up;0.5189393939393876
205;244.69;234.7253333333332;up;0.6774193548387089
206;243.37;235.99266666666645;up;0.5
207;247.09;237.6079999999998;up;1.0
208;243.78;238.65266666666645;up;1.0
209;240.69;239.39933333333317;up;0.5
210;241.65;240.3419999999998;up;0.5
211;243.2;241.2879999999998;up;0.5
212;251.17;242.72533333333317;up;0.6517379679144375
213;248.9;243.88466666666645;up;0.5
214;256.38;245.52533333333312;up;0.5
215;264.13;247.4059999999998;up;1.0
216;257.07;247.96066666666644;up;1.0
217;254.69;248.55466666666646;up;0.5
218;255.86;249.07266666666646;up;0.5
219;260.74;250.22733333333318;up;0.5
220;270.33;251.93666666666644;up;1.0
221;269.47;253.67666666666645;up;1.0
222;266.18;254.9493333333331;up;0.5
223;269.39;256.6566666666664;up;0.5
224;269.65;258.5873333333331;up;0.5
225;286.61;261.5846666666664;up;0.5
226;292.02;264.8393333333331;up;0.5005482456140345
227;310.24;268.7773333333331;up;1.0
228;292.0;271.65066666666644;up;1.0
229;287.96;273.7559999999997;up;1.0
230;285.55;275.1839999999997;up;1.0
231;277.23;276.52799999999974;up;0.592592592592593
232;279.43;278.1773333333332;up;1.0
233;276.73;279.5686666666665;no;0.27578475336323055
234;275.5;280.55266666666654;no;0.0
235;277.73;281.04599999999994;no;0.43103448275862405
236;276.48;281.5133333333332;no;0.0
237;277.93;282.2966666666665;no;0.047404063205417395
238;276.67;282.78199999999987;no;0.0
239;289.96;284.1359999999998;no;0.08857142857142922
240;289.34;284.31799999999987;no;0.0
241;292.84;284.3726666666665;no;0.0
242;294.27;283.30799999999994;no;0.5
243;293.84;283.43066666666664;no;0.5
244;289.63;283.54200000000003;no;0.5
245;287.73;283.68733333333324;no;0.5
246;284.39;284.1646666666666;up;1.0
247;280.77;284.254;no;0.0
248;281.5;284.572;no;0.0
249;282.72;285.05333333333334;no;0.137218045112787
250;284.65;285.51466666666664;no;0.5
251;281.99;285.88199999999995;no;0.5
252;281.99;286.1526666666666;no;0.5
253;279.01;286.3086666666666;no;0.5
254;261.71;284.4253333333333;no;0.0
255;265.36;282.82666666666665;no;0.09082892416225985
256;264.33;280.92599999999993;no;0.0
257;270.0;279.30799999999994;down;0.5
258;268.51;277.61933333333326;down;0.5
259;264.65;275.95399999999995;down;0.38675213675213665
260;265.71;274.486;down;0.5
261;261.03;272.92866666666663;down;0.5
262;256.09;271.28333333333325;down;0.47326454033770876
263;256.66;269.62733333333324;down;0.5
264;246.0;267.17933333333326;down;0.5
265;227.1;263.3426666666666;down;0.0
266;235.95;260.2733333333333;down;0.5
267;233.27;257.0253333333333;down;0.5
268;230.47;253.78933333333333;down;0.5
269;228.47;251.5733333333333;down;0.5
270;211.79;248.002;down;0.0
271;221.64;245.156;down;0.0
272;225.17;242.1673333333333;down;0.08262967430639188
273;223.8;239.18666666666667;down;0.0
274;232.09;237.016;down;0.5
275;229.23;234.584;down;0.283687943262406
276;228.43;232.41066666666663;down;0.17808219178082235
277;229.84;230.66066666666663;down;0.5
278;227.65;228.72666666666663;down;0.21717171717171863
279;228.77;227.578;no;0.2302325581395364
280;226.79;227.55733333333333;no;0.0
281;231.09;227.23333333333335;no;0.0
282;235.45;227.37866666666667;no;0.0
283;240.45;228.044;no;0.04209183673469198
284;240.12;228.82066666666668;no;0.1776315789473686
285;244.04;230.9706666666667;up;1.0
286;237.96;232.05866666666668;up;0.5
287;238.5;232.94733333333335;up;0.8337182448036948
288;239.94;234.02333333333337;up;1.0
289;235.61;234.25799999999998;up;1.0
290;230.17;234.32066666666668;no;0.5
291;229.51;234.39266666666668;no;0.5
292;229.3;234.35666666666668;no;0.15795206971677733
293;227.85;234.37000000000003;no;0.0
294;232.44;234.61466666666672;no;0.4266409266409276
295;232.82;235.01666666666677;no;0.5
296;230.23;234.95933333333335;no;0.4931192660550456
297;230.29;234.61533333333335;no;0.5
298;225.93;233.6473333333334;no;0.0
299;229.59;232.94533333333342;down;0.023809523809524703
300;229.41;231.97000000000008;down;0.0
301;233.19;231.65200000000007;no;0.0
302;235.13;231.42733333333342;no;0.5
303;233.89;231.0240000000001;no;0.13963328631875802
304;231.91;230.7773333333334;no;0.0
305;239.0;231.36600000000004;no;0.5
306;236.71;231.84600000000003;no;0.03448275862069078
307;236.65;232.33600000000004;no;0.0
308;237.52;232.98066666666668;up;0.5
309;237.69;233.33066666666667;up;0.5
310;238.77;233.72733333333332;up;0.586854460093898
311;238.4;234.272;up;0.5
312;240.53;234.95466666666667;up;0.5
313;246.93;236.35466666666667;up;1.0
314;243.47;237.28000000000003;up;0.5277777777777785
315;243.41;238.2133333333333;up;0.5
316;244.49;238.96666666666667;up;0.5
317;245.72;239.6726666666667;up;0.5510638297872354
318;247.83;240.602;up;0.8660436137071678
319;245.48;241.5066666666667;up;0.5
320;248.69;242.15266666666668;up;0.5
321;252.46;243.2026666666667;up;0.5
322;254.44;244.38866666666667;up;0.5
323;262.5;246.05400000000003;up;0.5938673341677095
324;268.99;248.14066666666668;up;1.0
325;261.0;249.62266666666667;up;0.5
326;264.43;251.358;up;0.5
327;270.23;253.338;up;0.6620000000000005
328;267.8;254.72933333333333;up;0.5
329;275.3;256.85133333333334;up;0.5
330;277.71;259.138;up;0.5
331;282.59;261.678;up;0.5
332;288.27;264.5146666666667;up;0.6310160427807477
333;285.82;267.04733333333337;up;0.5
334;295.17;270.36000000000007;up;0.5
335;304.05;274.0506666666668;up;0.5
336;313.73;278.13533333333345;up;0.5980235042735048
337;328.78;283.0913333333335;up;0.9947145877378424
338;310.06;286.2620000000001;up;0.5
339;328.98;290.26133333333354;up;0.5
340;361.98;296.99333333333345;up;0.5
341;398.21;305.9120000000001;up;0.8555502846299802
342;404.3;314.85000000000014;up;1.0
343;383.22;322.5446666666668;up;0.9090909090909103
344;371.79;328.97733333333343;up;0.5
345;385.76;336.1806666666668;up;1.0
346;371.87;342.13266666666675;up;0.9050722920123253
347;379.88;348.2400000000002;up;1.0
348;337.69;351.69800000000015;no;0.5
349;303.0;352.22000000000014;no;0.0
350;334.94;354.27933333333345;no;0.5
351;333.51;355.59800000000007;no;0.5
352;331.61;355.7866666666667;no;0.5
353;317.0;356.24933333333337;no;0.0
354;330.9;356.3773333333333;no;0.0
355;335.44;354.60799999999995;no;0.43311312964492144
356;337.06;350.5313333333333;no;0.5
357;324.95;345.2413333333333;no;0.4942693409742091
358;321.5;341.12666666666667;down;0.0
359;324.99;338.0066666666665;down;0.5
360;323.11;333.82999999999987;down;0.5
361;323.01;330.57266666666663;down;0.2322874493927114
362;318.42;326.4753333333332;down;0.0
363;328.3;325.84933333333333;no;0.0
364;356.39;329.40866666666665;no;0.0
365;359.87;331.0706666666666;no;0.11877133105802082
366;356.39;332.59599999999995;no;0.0
367;371.04;335.2246666666667;up;0.7691284098469733
368;377.98;339.29;up;1.0
369;362.95;341.4266666666667;up;1.0
370;359.97;343.06200000000007;up;0.5
371;361.32;344.6793333333334;up;0.5
372;362.3;347.1693333333334;up;0.5
373;384.67;351.38066666666674;up;0.5
374;394.6;356.02133333333336;up;0.5
375;395.1;360.8206666666668;up;0.5
376;409.0;366.5533333333335;up;0.5
377;416.08;373.06400000000014;up;0.5
378;416.28;378.92933333333343;up;0.5
379;451.68;385.28200000000015;up;1.0
380;435.87;390.3486666666668;up;0.505327245053272
381;435.8;395.64266666666674;up;0.5
382;442.37;400.39800000000014;up;0.5
383;463.61;406.10666666666674;up;1.0
384;455.1;412.25000000000006;up;0.5
385;456.01;418.65266666666673;up;0.5
386;463.0;425.4313333333334;up;1.0
387;460.96;432.0086666666667;up;1.0
388;441.48;435.79600000000005;up;1.0
389;437.56;438.66;no;0.09805285118219927
390;436.15;441.39666666666665;no;0.0
391;443.34;443.686;no;0.0
392;455.71;446.328;no;0.5
393;455.5;448.9426666666667;no;0.5
394;417.42;446.65866666666665;no;0.0
395;423.29;445.82;no;0.13865096359743165
396;420.7;444.8133333333333;no;0.0
397;430.04;443.9913333333333;no;0.42471590909091256
398;427.05;441.554;down;0.0
399;430.57;439.9186666666666;down;0.0
400;434.98;438.51666666666665;down;0.5
401;433.74;436.566;down;0.4631410256410228
402;430.85;434.55866666666674;down;0.0
403;433.97;434.05800000000005;down;0.5
404;431.89;433.68000000000006;down;0.0009633911368017588
405;431.84;433.39266666666674;down;0.0
406;457.79;434.35600000000005;no;0.5
407;451.32;434.06333333333333;no;0.5
408;449.95;433.6933333333334;no;0.5
409;447.21;435.6793333333334;no;0.17279411764705668
410;448.99;437.39266666666674;no;0.5
411;446.27;439.09733333333327;no;0.5
412;432.53;439.26333333333326;no;0.5
413;429.22;439.408;no;0.5
414;372.85;435.56000000000006;no;0.0
415;386.43;432.3233333333334;no;0.5
416;382.85;428.9306666666668;no;0.2900390625000024
417;385.0;425.874;down;0.08244766505636075
418;379.88;422.268;down;0.0
419;410.93;420.8706666666667;down;0.5
420;410.03;419.41666666666674;down;0.5
421;381.78;414.3493333333333;down;0.0
422;386.92;410.056;down;0.0
423;402.5;406.89266666666674;down;0.5
424;392.58;403.25066666666675;down;0.22119815668202422
425;390.66;399.36199999999997;down;0.36300505050505105
426;395.0;395.944;down;0.5
427;379.16;392.38599999999997;down;0.45070422535211707
428;379.44;389.0673333333333;down;0.5
429;376.6;389.3173333333333;no;0.5
430;370.0;388.22199999999987;no;0.0
431;371.5;387.46533333333326;no;0.34837545126353786
432;373.18;386.6773333333333;no;0.12388193202146729
433;367.64;385.8613333333333;down;0.0
434;390.0;384.466;no;0.5
435;385.88;382.856;no;0.5
436;374.27;382.3553333333333;no;0.36674528301886694
437;375.4;381.5873333333332;no;0.5
438;371.16;379.4979999999998;no;0.0
439;373.16;378.2033333333332;no;0.0
440;379.86;377.4833333333332;no;0.19120654396728115
441;377.99;376.3493333333332;no;0.0
442;382.88;376.5973333333332;no;0.0
443;389.51;377.26866666666666;no;0.0
444;403.95;379.0919999999999;no;0.3313253012048173
445;399.0;381.0253333333332;up;0.5
446;406.47;383.35666666666657;up;0.5
447;415.52;386.17933333333326;up;0.5
448;420.31;389.69066666666663;up;0.52479732951836
449;419.27;391.642;up;0.5
450;440.24;395.26599999999985;up;1.0
451;437.7;399.49466666666655;up;0.9924665178571418
452;437.97;403.666;up;1.0
453;420.05;406.9253333333333;up;0.5
454;422.61;410.22199999999987;up;0.5
455;423.51;413.132;up;0.5
456;427.8;416.45266666666674;up;0.5
457;431.06;419.66466666666673;up;0.5
458;432.16;422.50800000000004;up;0.5
459;436.62;424.686;up;1.0
460;433.31;426.97333333333336;up;1.0
461;425.18;428.2206666666667;no;0.5
462;420.27;428.53733333333327;no;0.5
463;409.97;427.848;no;0.5
464;398.5;426.4633333333333;no;0.0
465;404.78;424.0993333333333;no;0.0
466;414.76;422.57;down;0.5
467;412.13;420.84733333333327;down;0.0
468;412.66;420.35466666666656;down;0.0
469;416.5;419.9473333333333;down;0.39515072083879266
470;418.1;419.5866666666666;down;0.5
471;410.47;418.43133333333327;down;0.0
472;412.64;417.20333333333326;down;0.0
473;413.85;415.98266666666666;down;0.0
474;415.89;414.60066666666665;no;0.0
475;416.49;413.4793333333333;no;0.4027237354085606
476;418.49;413.0333333333333;no;0.5
477;408.21;412.2293333333333;no;0.0
478;408.94;412.16066666666654;no;0.0
479;411.34;413.01666666666654;no;0.0357142857142824
480;410.99;413.43066666666647;no;0.0
481;415.89;413.50599999999986;no;0.0
482;417.22;413.84533333333326;no;0.5
483;415.96;414.06533333333323;no;0.0
484;416.25;414.04866666666663;no;0.0
485;416.77;413.9599999999999;no;0.0
486;424.3;414.88199999999983;no;0.5
487;422.05;415.5093333333332;no;0.5
488;415.4;415.6126666666665;no;0.47727272727272463
489;413.09;415.42599999999976;no;0.0
490;415.51;415.3606666666665;no;0.017060367454067634
491;415.38;415.15333333333314;no;0.0
492;419.19;415.8853333333331;no;0.5
493;419.0;416.55599999999987;no;0.0443037974683568
494;418.65;417.0433333333331;no;0.0
495;422.6;417.8173333333332;up;1.0
496;421.63;418.1999999999999;up;1.0
497;419.84;418.3746666666665;up;1.0
498;418.13;418.5193333333331;no;0.0
499;418.37;418.6606666666665;no;0.0
500;420.77;418.92733333333314;no;0.0
501;422.08;418.77933333333306;no;0.0
502;425.91;419.0366666666664;no;0.5
503;423.26;419.5606666666664;no;0.0
504;424.51;420.32199999999983;no;0.0
505;429.25;421.2379999999997;up;0.8180661577608137
506;430.68;422.25799999999975;up;1.0
507;426.75;422.76199999999983;up;0.5
508;428.07;423.3666666666665;up;0.5
509;435.25;424.47333333333313;up;0.5
510;441.25;425.7166666666664;up;0.5
511;451.0;427.67466666666644;up;0.9558404558404554
512;447.8;429.5386666666664;up;0.5
513;451.31;431.75066666666646;up;0.5
514;459.4;434.48599999999976;up;0.5
515;465.99;437.50066666666646;up;0.9510710808179166
516;468.0;440.56199999999984;up;1.0
517;447.46;441.9986666666665;up;0.5
518;450.0;443.7813333333331;up;0.7044609665427518
519;454.77;445.7986666666664;up;1.0
520;446.7;446.9619999999997;no;0.20101781170483368
521;451.4;448.34333333333296;no;0.48161764705882276
522;443.54;449.4626666666664;no;0.0
523;451.7;451.03799999999967;no;0.5
524;446.3;451.7746666666664;no;0.0
525;448.82;452.279333333333;no;0.0
526;459.73;452.861333333333;no;0.5
527;458.15;453.5513333333329;no;0.04450261780104393
528;457.81;453.9846666666663;no;0.3370307167235494
529;461.63;454.133333333333;no;0.5
530;449.91;453.061333333333;no;0.0
531;452.01;451.99533333333295;no;0.0
532;454.92;452.4926666666663;no;0.0
533;456.04;452.895333333333;no;0.1571428571428614
534;455.38;452.9359999999997;no;0.0
535;457.48;453.6546666666664;up;1.0
536;455.56;453.9319999999997;up;1.0
537;453.01;454.5633333333331;no;0.5
538;452.94;454.6459999999997;no;0.5
539;441.63;454.3346666666664;no;0.0
540;441.97;453.87799999999976;no;0.4128256513026096
541;442.84;452.75199999999984;no;0.5
542;437.85;451.39866666666654;down;0.0
543;442.29;450.36399999999986;down;0.0
544;445.31;449.27599999999984;down;0.0
545;448.02;449.1499999999999;down;0.0
546;452.38;449.17466666666655;no;0.0
547;472.68;450.35866666666664;no;0.0
548;521.5;454.72266666666656;no;0.29087452471482855
549;513.85;458.62066666666664;no;0.0
550;527.0;463.2553333333332;up;0.5
551;532.06;468.35533333333314;up;0.5
552;538.65;474.0646666666664;up;0.5
553;538.98;479.8006666666665;up;0.5
554;567.94;488.2213333333331;up;0.5
555;573.87;497.0146666666664;up;0.5056526207605351
556;573.76;505.7426666666664;up;0.5
557;583.49;515.4519999999999;up;1.0
558;576.75;524.4159999999997;up;0.5255847953216389
559;583.24;533.6113333333329;up;1.0
560;576.4;542.1699999999997;up;0.5
561;577.91;550.5386666666665;up;0.5
562;592.13;558.5019999999997;up;0.5
563;667.94;568.2646666666664;up;0.5
564;702.05;580.811333333333;up;1.0
565;685.69;591.3906666666662;up;0.5
566;693.01;602.1206666666665;up;0.5
567;765.6;617.2506666666665;up;1.0
568;746.99;631.1179999999998;up;0.5
569;755.02;643.5899999999998;up;0.8918231611893587
570;760.55;656.035333333333;up;1.0
571;734.99;666.7839999999998;up;1.0
572;668.42;672.4459999999998;no;0.5
573;594.1;673.6026666666662;no;0.0
574;624.69;676.3659999999998;no;0.0
575;656.71;681.7199999999998;no;0.4057175859081725
576;663.24;687.4086666666666;no;0.5
577;628.61;689.8406666666666;no;0.0
578;648.2;688.5246666666666;no;0.5
579;645.39;684.7473333333332;no;0.16908361616784956
580;634.43;681.3299999999998;no;0.0
581;666.84;679.5853333333333;down;0.0
582;677.0;673.6786666666667;no;0.16770996348461142
583;702.48;670.7113333333333;no;0.5
584;664.14;664.6526666666665;no;0.0
585;678.72;659.1973333333333;no;0.5
586;666.58;654.6366666666665;no;0.39650643551352793
587;674.46;655.0393333333333;no;0.5
588;636.39;657.8586666666665;no;0.0
589;664.0;660.4793333333331;no;0.5
590;652.54;660.2013333333331;no;0.5
591;646.55;659.0886666666664;no;0.0
592;647.42;660.3426666666662;no;0.0
593;671.7;661.9093333333329;no;0.5
594;661.5;662.9833333333331;no;0.10874439461883625
595;660.53;664.7233333333331;no;0.0
596;664.99;664.5999999999998;no;0.09211337030191022
597;662.0;663.5999999999998;no;0.0
598;678.23;661.9833333333331;no;0.5
599;673.46;662.6046666666664;no;0.47076023391813043
600;673.86;662.2806666666664;no;0.5
601;667.02;662.3099999999997;no;0.5
602;664.25;661.6293333333333;no;0.5
603;652.95;662.7333333333332;no;0.0
604;653.8;662.0533333333333;no;0.0
605;659.51;662.518;no;0.5
606;654.37;663.0393333333335;no;0.3152492668621697
607;652.22;663.3593333333333;no;0.0
608;655.63;662.288;no;0.3050139275766004
609;653.44;661.7506666666667;no;0.0
610;657.03;661.5173333333332;no;0.5
611;654.37;660.8093333333334;down;0.5
612;620.01;658.0100000000001;down;0.5
613;607.61;653.3020000000001;down;0.5
614;514.98;642.7366666666669;down;0.0
615;565.63;635.5213333333335;down;0.0
616;575.52;629.4213333333336;down;0.0
617;576.64;623.5806666666667;down;0.0
618;588.78;619.3026666666667;down;0.0
619;592.6;615.2226666666667;down;0.5
620;589.46;610.5526666666667;down;0.3629130966952271
621;583.53;605.8300000000003;down;0.0
622;591.7;601.7953333333336;down;0.5
623;587.57;597.2580000000003;down;0.5
624;586.0;592.7620000000003;down;0.5
625;582.11;587.7673333333336;down;0.5
626;567.45;581.9726666666669;down;0.07069846678024193
627;565.79;578.3580000000002;down;0.0
628;577.53;576.352666666667;no;0.5
629;570.47;580.0520000000002;no;0.15833333333333294
630;569.71;580.3240000000004;no;0.0
631;572.11;580.096666666667;no;0.0
632;580.0;580.3206666666671;no;0.14219330855018344
633;578.47;579.6333333333338;no;0.0
634;583.85;579.0500000000004;no;0.5
635;580.71;578.4666666666673;no;0.5
636;577.11;578.0386666666673;no;0.07058823529411844
637;576.99;577.0580000000003;no;0.4592521572387336
638;577.84;576.4093333333337;no;0.5
639;567.41;575.1700000000004;no;0.0
640;573.0;574.562666666667;no;0.20107238605898026
641;571.5;574.832666666667;no;0.08277404921700275
642;575.23;575.4620000000002;no;0.5
643;570.76;575.0106666666669;no;0.0
644;571.6;575.0860000000004;no;0.0
645;572.0;575.238666666667;no;0.0
646;592.5;576.5980000000002;no;0.0
647;604.25;578.214666666667;no;0.04885057471264255
648;603.74;579.8993333333336;no;0.0
649;608.96;581.5733333333336;no;0.0
650;614.39;583.8186666666667;up;0.5
651;625.66;587.0553333333335;up;1.0
652;622.0;590.0560000000003;up;0.9997254255903352
653;622.01;593.0006666666667;up;1.0
654;603.8;595.4266666666667;up;0.5
655;607.0;597.6933333333334;up;0.5
656;607.73;600.1086666666667;up;0.9701492537313487
657;607.89;602.2860000000002;up;1.0
658;605.21;604.5826666666667;up;0.8145161290322753
659;605.9;606.8693333333333;no;0.23484848484848442
660;604.04;609.0053333333333;no;0.0
661;608.0;610.0386666666666;no;0.5
662;607.88;610.2806666666664;no;0.5
663;606.95;610.4946666666666;no;0.5
664;594.66;609.5413333333332;no;0.04137529137528722
665;593.95;608.1786666666667;no;0.0
666;602.53;606.6366666666668;no;0.5
667;600.14;605.1793333333334;down;0.19868995633187891
668;597.41;603.5393333333334;down;0.0
669;604.28;603.5713333333333;no;0.33139534883716704
670;604.57;603.4093333333334;no;0.34400000000000547
671;603.71;603.1413333333335;no;0.0
672;604.96;602.9460000000001;no;0.0
673;608.26;603.1493333333334;no;0.0
674;612.0;603.5560000000003;no;0.5
675;608.59;603.8593333333336;no;0.1817010309278458
676;611.06;604.0633333333335;up;1.0
677;607.18;604.0166666666669;no;0.0
678;610.98;604.2853333333335;no;0.0822622107969137
679;610.34;605.3306666666667;no;0.0
680;614.23;606.6826666666667;no;0.3563218390804605
681;614.48;607.4793333333333;up;0.7471590909090935
682;613.61;608.3773333333335;up;0.5
683;615.37;609.5746666666669;up;0.5
684;638.91;611.8833333333333;up;1.0
685;635.06;613.9159999999999;up;0.5
686;635.61;616.0426666666667;up;0.5
687;638.38;618.2706666666667;up;1.0
688;636.01;620.1206666666667;up;0.566666666666654
689;638.09;621.8600000000001;up;1.0
690;635.69;623.6666666666667;up;1.0
691;635.58;625.3013333333333;up;1.0
692;627.98;626.6880000000001;up;0.6023622047244074
693;627.72;627.8040000000002;no;0.0
694;628.99;629.0473333333333;no;0.0
695;655.0;631.7653333333334;no;0.5
696;649.69;634.1126666666668;no;0.5
697;648.14;636.4146666666667;no;0.0
698;648.33;638.612;no;0.0
699;673.14;640.894;up;0.5
700;682.67;644.068;up;0.5
701;685.29;647.38;up;0.5
702;712.06;652.2919999999999;up;1.0
703;696.36;656.3153333333335;up;0.5
704;697.67;660.2873333333333;up;0.5
705;726.6;666.3480000000002;up;0.9385103926096999
706;732.99;672.8420000000001;up;1.0
707;681.03;676.3786666666667;up;0.5
708;702.98;681.3960000000002;up;0.5
709;703.63;686.3720000000002;up;0.5
710;710.22;690.0533333333334;up;1.0
711;706.5;693.8406666666667;up;0.5
712;710.19;697.9773333333335;up;0.5
713;720.44;702.7846666666667;up;1.0
714;714.5;705.5420000000001;up;0.948517940717627
715;715.82;707.7520000000003;up;1.0
716;703.0;708.9326666666667;no;0.23354231974921374
717;701.51;708.2293333333334;no;0.0
718;704.7;708.7853333333335;no;0.0
719;710.82;709.6620000000001;no;0.0
720;737.99;710.4213333333335;no;0.05506117908787587
721;737.0;710.6886666666667;no;0.0
722;745.99;715.0193333333334;no;0.4203736654804262
723;749.57;718.1253333333334;up;1.0
724;727.09;719.6893333333335;up;0.5
725;736.97;721.4726666666667;up;0.5
726;746.61;724.1466666666669;up;1.0
727;740.17;726.1453333333334;up;1.0
728;735.7;727.1626666666667;up;0.9071229050279377
729;737.03;728.6646666666669;up;1.0
730;729.87;729.6013333333336;up;0.8858024691358014
731;726.12;731.142666666667;no;0.0
732;730.98;733.1073333333336;no;0.0
733;730.99;734.8600000000004;no;0.0
734;742.06;736.9426666666669;no;0.0
735;751.6;737.8500000000003;no;0.0
736;769.99;740.0493333333336;no;0.5
737;762.79;741.1693333333334;no;0.5
738;761.99;741.9973333333335;up;1.0
739;750.0;743.5246666666667;up;0.5
740;758.91;744.9873333333336;up;0.5
741;766.85;746.3366666666667;up;0.5
742;767.96;748.1893333333335;up;0.5
743;769.49;750.4420000000001;up;0.6562499999999958
744;772.35;752.7966666666667;up;0.7135523613963046
745;768.19;755.3513333333334;up;0.5
746;777.93;758.8053333333335;up;0.8388429752065986
747;778.71;761.9873333333335;up;1.0
748;776.29;765.0073333333335;up;0.6348920863309339
749;774.79;767.1893333333335;up;0.5
750;780.35;769.1060000000001;up;0.5
751;788.4;770.3333333333335;up;0.5
752;788.68;772.0593333333335;up;0.5
753;790.65;773.9700000000001;up;0.5
754;801.02;777.3713333333336;up;0.5
755;828.1;781.9840000000003;up;0.5
756;858.94;788.1233333333336;up;0.5
757;916.0;797.9926666666669;up;1.0
758;892.63;806.2020000000001;up;0.5646029609690463
759;891.67;814.1566666666669;up;0.5
760;899.1;822.8840000000001;up;0.5
761;929.92;833.0166666666668;up;0.5
762;975.97;846.1673333333334;up;1.0
763;968.99;859.0140000000004;up;1.0
764;959.03;871.2966666666671;up;0.5
765;964.32;883.5613333333336;up;0.5
766;998.8;897.5880000000003;up;0.5
767;1014.1;912.6160000000003;up;0.5
768;1036.99;929.0386666666667;up;0.6671464135677612
769;1122.56;950.4746666666667;up;1.0
770;994.02;961.5360000000003;up;1.0
771;891.56;963.7106666666667;no;0.0
772;897.14;962.4533333333335;no;0.0
773;906.17;963.356;no;0.3877038895859428
774;899.99;963.9106666666668;no;0.4665547629039026
775;907.96;964.5013333333336;no;0.5
776;788.81;955.0940000000003;no;0.0
777;816.0;944.4293333333336;no;0.0
778;826.9;934.9566666666667;no;0.5
779;819.66;925.6653333333336;down;0.0
780;822.47;916.2086666666668;down;0.0
781;829.62;904.9300000000003;down;0.0
782;906.08;897.7286666666668;no;0.5
783;876.74;887.0453333333335;no;0.0
784;900.46;872.2386666666669;no;0.09497645211930981
785;895.62;865.6786666666669;no;0.0
786;921.1;867.6480000000003;no;0.4275000000000091
787;919.39;869.1313333333336;no;0.46477632969355404
788;921.39;870.1460000000003;no;0.5
789;893.0;869.6800000000003;no;0.0010688328345437057
790;892.95;868.6793333333337;no;0.0
791;916.34;877.1813333333338;no;0.0
792;917.84;883.9706666666672;no;0.5
793;917.75;890.0273333333338;no;0.29135338345864453
794;913.1;896.2566666666672;up;0.5
795;921.08;902.8306666666672;up;0.5
796;965.01;911.8566666666671;up;0.5
797;983.36;917.0086666666672;up;0.5
798;1008.18;925.771333333334;up;0.5
799;1012.64;933.2500000000003;up;0.5
800;1034.44;942.5046666666672;up;1.0
801;1014.57;948.7360000000003;up;0.5
802;1023.7;955.6900000000003;up;0.5
803;1054.12;964.5386666666672;up;0.9808743169398899
804;1056.99;975.4713333333341;up;1.0
805;981.96;981.405333333334;up;0.5
806;997.57;986.8206666666672;up;0.5
807;1011.98;993.0966666666671;up;1.0
808;1001.63;998.6886666666671;up;0.561278863232682
809;1000.25;1004.4986666666672;no;0.0
810;1011.51;1010.5273333333338;no;0.0
811;1011.53;1013.6286666666672;no;0.0
812;1032.7;1016.9180000000003;no;0.0
813;1055.46;1020.0700000000003;no;0.39782608695651883
814;1056.4;1022.9873333333337;no;0.07142857142857345
815;1051.8;1024.1446666666673;no;0.0
816;1084.0;1028.7733333333338;up;0.5
817;1124.62;1035.5013333333336;up;0.5
818;1130.01;1040.560666666667;up;0.5
819;1188.11;1049.3020000000004;up;1.0
820;1180.14;1062.5140000000004;up;1.0
821;1152.2;1072.8226666666671;up;0.5
822;1179.05;1083.960666666667;up;0.5
823;1194.64;1096.8280000000002;up;0.5487492893689605
824;1191.21;1109.558666666667;up;0.5
825;1226.39;1123.8840000000002;up;0.5
826;1257.6;1140.288666666667;up;0.5
827;1285.33;1157.130666666667;up;1.0
828;1260.0;1170.7666666666667;up;0.5
829;1273.0;1185.2066666666667;up;0.9395906690140845
830;1278.49;1200.3193333333334;up;1.0
831;1233.05;1210.2560000000005;up;1.0
832;1150.05;1211.9513333333334;no;0.22375541125541054
833;1190.89;1216.0100000000004;no;0.5
834;1116.97;1211.2673333333335;no;0.0
835;1176.55;1211.0280000000005;no;0.0
836;1226.62;1215.9893333333334;no;0.0
837;1242.46;1220.216666666667;no;0.0
838;1245.86;1223.6313333333335;no;0.4323494687131049
839;1257.32;1228.038666666667;no;0.5
840;1172.62;1224.4540000000004;no;0.5
841;1071.02;1212.0153333333335;no;0.5
842;969.4;1190.953333333334;no;0.0
843;1017.97;1174.8180000000007;no;0.0
844;1035.96;1159.015333333334;down;0.0
845;1114.39;1148.0753333333341;down;0.5
846;1037.56;1135.0426666666674;down;0.5
847;1029.65;1127.0160000000008;down;0.5
848;929.06;1109.5606666666677;down;0.0
849;956.02;1098.8306666666676;down;0.0
850;960.0;1084.3940000000011;down;0.0
851;1039.92;1071.9473333333344;down;0.24657534246575652
852;1043.99;1058.7160000000013;down;0.5
853;1035.96;1044.722666666668;down;0.030865883638350137
854;1033.7;1029.814666666668;no;0.0
855;1070.31;1022.9940000000014;no;0.0
856;1083.94;1023.8553333333348;no;0.044412822049131696
857;1078.01;1031.0960000000011;no;0.0
858;1144.77;1039.5493333333343;no;0.5
859;1143.0;1046.6853333333347;up;0.5748178425448736
860;1134.58;1048.031333333335;up;0.5
861;1190.85;1058.2506666666682;up;1.0
862;1190.66;1068.9846666666683;up;0.6495263870094743
863;1184.03;1085.9826666666684;up;0.5
864;1206.2;1102.6613333333348;up;0.5
865;1209.25;1119.2780000000016;up;0.5
866;1218.99;1131.2160000000015;up;1.0
867;1212.17;1142.4280000000015;up;1.0
868;1172.91;1151.5580000000016;up;0.9131832797427747
869;1170.34;1160.667333333335;up;0.860412926391378
870;1173.45;1167.5433333333349;up;0.8914265635980354
871;1162.31;1172.7680000000016;no;0.0
872;1176.54;1179.3366666666686;no;0.0
873;1202.58;1183.1906666666684;no;0.0
874;1203.98;1187.2560000000014;no;0.0
875;1234.19;1193.8966666666686;no;0.047550432276658165
876;1243.61;1197.4140000000016;no;0.5
877;1233.2;1200.250000000002;up;0.5
878;1241.99;1204.114000000002;up;0.5
879;1253.58;1207.2726666666686;up;0.5
880;1269.0;1211.256000000002;up;0.5
881;1287.99;1215.856000000002;up;0.5
882;1331.53;1223.8133333333349;up;0.6804347826086834
883;1330.7;1234.3326666666685;up;0.5
884;1333.0;1245.1766666666686;up;0.5
885;1350.21;1256.9606666666687;up;0.5
886;1390.86;1272.1973333333349;up;0.5
887;1447.75;1290.2780000000016;up;0.5
888;1503.22;1310.3206666666686;up;0.5
889;1537.23;1332.537333333335;up;0.7589285714285712
890;1514.9;1351.2513333333352;up;0.5
891;1558.02;1372.212000000002;up;0.5209881712551031
892;1554.01;1393.5993333333352;up;0.5
893;1649.54;1420.769333333335;up;0.5
894;1720.28;1451.8826666666685;up;0.5
895;1772.58;1485.4546666666683;up;0.7960055498758577
896;1828.45;1521.4853333333353;up;1.0
897;1691.51;1545.4840000000015;up;0.5
898;1776.89;1575.2300000000018;up;0.9547249108507393
899;1784.0;1605.2966666666684;up;1.0
900;1705.48;1628.9813333333352;up;0.5329597493371898
901;1700.01;1649.591333333335;up;0.5
902;1782.99;1671.9406666666684;up;0.5
903;1878.99;1696.9920000000018;up;0.5
904;1958.0;1725.0433333333349;up;0.5
905;2013.99;1758.3160000000018;up;0.5
906;2017.55;1788.951333333335;up;0.5
907;2099.97;1825.3486666666688;up;0.5
908;2264.23;1866.3280000000016;up;0.5
909;2420.29;1912.9953333333356;up;1.0
910;2292.53;1947.6586666666683;up;1.0
911;2279.82;1977.7500000000016;up;1.0
912;2042.0;2001.1160000000016;up;0.5
913;2178.81;2027.9106666666687;up;0.5
914;2292.1;2061.784000000002;up;0.9687301587301571
915;2203.51;2094.9860000000017;up;0.5
916;2298.01;2134.8526666666685;up;0.5
917;2413.63;2176.8953333333347;up;0.5
918;2488.94;2217.5586666666686;up;0.5
919;2540.94;2256.421333333335;up;0.5318070708877365
920;2530.27;2290.840000000002;up;0.5
921;2698.0;2336.2033333333347;up;0.5378584795913202
922;2880.74;2388.254666666668;up;1.0
923;2683.03;2416.174666666668;up;0.5
924;2806.0;2441.888666666668;up;0.5
925;2822.32;2477.208000000001;up;0.5
926;2899.99;2518.5526666666683;up;0.9055752890374703
927;2954.22;2579.3673333333345;up;1.0
928;2667.06;2611.917333333334;up;0.9289384238400126
929;2703.02;2639.312000000001;up;1.0
930;2450.0;2655.7446666666674;no;0.20988790363058518
931;2424.91;2664.2046666666674;no;0.0
932;2484.68;2668.9413333333346;no;0.0
933;2630.0;2678.345333333334;no;0.5
934;2516.98;2676.748000000001;no;0.0
935;2598.0;2681.263333333335;no;0.0
936;2740.0;2684.0633333333344;no;0.5
937;2657.04;2669.150000000001;no;0.0
938;2713.48;2671.1800000000017;no;0.5
939;2685.05;2663.116666666669;no;0.5
940;2557.66;2645.472666666669;no;0.5
941;2502.03;2618.9420000000023;no;0.2810196132980953
942;2421.22;2583.408666666669;no;0.0
943;2565.0;2576.604666666669;no;0.5
944;2559.9;2567.063333333336;down;0.5
945;2541.59;2573.169333333336;no;0.5
946;2465.49;2575.874666666669;no;0.2886037407568503
947;2412.41;2571.0566666666696;no;0.0
948;2504.37;2562.6813333333357;no;0.0
949;2550.47;2564.914000000003;no;0.0
950;2596.12;2564.788666666669;no;0.0
951;2602.9;2555.6486666666697;no;0.5
952;2600.39;2551.872000000003;no;0.5
953;2501.46;2537.7373333333358;no;0.0
954;2550.07;2528.738666666669;no;0.5
955;2502.28;2525.046666666669;no;0.5
956;2323.45;2513.1413333333358;no;0.10649841502072546
957;2305.98;2505.4586666666696;no;0.0
958;2388.0;2493.658666666669;no;0.5
959;2339.99;2478.9980000000023;down;0.5
960;2213.37;2457.116666666669;down;0.5
961;1970.51;2424.118000000003;down;0.08574115510587914
962;1917.63;2391.13266666667;down;0.0
963;2226.0;2372.5746666666696;down;0.0
964;2303.71;2356.124000000003;down;0.03156669181069823
965;2265.21;2334.063333333336;down;0.0
966;2875.03;2352.205333333336;no;0.5
967;2670.0;2356.846000000003;no;0.0
968;2832.71;2378.9293333333358;no;0.5
969;2749.02;2392.192666666669;no;0.47192047550727595
970;2759.98;2409.372666666669;up;1.0
971;2564.82;2425.464000000003;up;0.6409013725767665
972;2524.99;2440.064666666669;up;0.5
973;2666.33;2458.6200000000026;up;0.5
974;2777.01;2487.754666666669;up;1.0
975;2680.56;2518.900666666669;up;0.5
976;2742.37;2570.3580000000024;up;0.5455492348369517
977;2855.81;2632.903333333336;up;1.0
978;2731.0;2666.5700000000024;up;0.6529601602492761
979;2703.51;2693.223333333336;up;0.5
980;2793.37;2728.434000000003;up;0.5
981;2855.0;2727.09866666667;no;0.0
982;3263.62;2766.673333333337;no;0.12399878640776653
983;3222.75;2792.6760000000045;no;0.0
984;3387.55;2835.2446666666706;no;0.3209449726303684
985;3412.41;2878.7400000000043;up;0.9955739577384327
986;3342.99;2930.6180000000045;up;0.5
987;3413.03;2989.8206666666706;up;0.5
988;3645.06;3055.069333333337;up;0.5
989;3855.1;3126.942000000003;up;0.5
990;4053.87;3218.496000000004;up;0.5
991;4306.23;3322.7533333333367;up;0.8373213245507896
992;4155.67;3409.4106666666707;up;0.5
993;4378.84;3519.2666666666705;up;1.0
994;4276.5;3624.132666666671;up;1.0
995;4100.0;3711.2413333333366;up;1.0
996;4099.55;3794.211333333337;up;1.0
997;4058.68;3847.2153333333367;up;0.8649979482970858
998;3987.52;3898.2000000000044;up;0.5
999;4085.0;3944.6966666666704;up;0.5
1000;4108.12;3991.0773333333364;up;0.5
1001;4300.34;4054.900666666669;up;0.5
1002;4355.98;4117.764000000005;up;1.0
1003;4333.38;4163.652000000005;up;0.5
1004;4337.68;4195.824000000003;up;0.5
1005;4379.99;4217.565333333337;up;0.5
1006;4578.82;4235.738000000003;up;0.5174469141934679
1007;4573.2;4263.573333333336;up;0.5
1008;4734.26;4287.268000000003;up;0.708763206960846
1009;4921.7;4330.281333333336;up;1.0
1010;4599.9;4363.608000000003;up;0.9903419789831736
1011;4606.26;4397.3886666666685;up;1.0
1012;4277.0;4411.9433333333345;no;0.0
1013;4396.52;4439.210000000003;no;0.0
1014;4605.8;4473.930000000003;no;0.4848184818481851
1015;4615.0;4507.722000000003;no;0.5
1016;4312.0;4508.499333333337;no;0.5
1017;4308.72;4505.34866666667;no;0.5
1018;4226.22;4498.20466666667;no;0.5
1019;4207.31;4489.513333333336;no;0.5
1020;4172.56;4475.684666666669;down;0.5
1021;3865.34;4428.119333333336;down;0.5
1022;3227.79;4338.425333333335;down;0.0
1023;3700.01;4269.475333333335;down;0.5
1024;3678.93;4186.624000000002;down;0.018171040331957815
1025;3662.99;4124.163333333337;down;0.0
1026;4101.6;4090.5193333333364;no;0.5
1027;3888.8;4064.639333333335;no;0.5
1028;3874.46;4029.835333333335;no;0.5
1029;3617.05;3963.9186666666687;no;0.01458171147973034
1030;3612.18;3897.064000000001;no;0.0
1031;3779.17;3861.5420000000013;down;0.2264756876034364
1032;3664.22;3818.575333333335;down;0.0
1033;3918.0;3798.027333333335;no;0.04814303154918689
1034;3888.03;3776.742000000001;no;0.0
1035;4199.29;3778.5240000000017;no;0.5
1036;4184.84;3799.824000000002;no;0.06206982079742166
1037;4164.82;3862.2926666666685;no;0.0
1038;4326.09;3904.031333333335;up;0.5
1039;4377.22;3950.584000000001;up;0.9057501652346374
1040;4391.48;3999.150000000001;up;1.0
1041;4315.83;4013.432000000001;up;1.0
1042;4219.53;4035.480666666668;up;0.5
1043;4301.09;4063.922666666668;up;0.5
1044;4362.95;4113.649333333334;up;0.5
1045;4423.3;4167.724;up;0.5
1046;4597.98;4222.311333333334;up;0.5
1047;4764.7;4295.676666666667;up;0.6059543454345421
1048;4749.29;4351.096000000001;up;0.5
1049;4822.01;4413.361333333333;up;0.5
1050;5445.0;4496.408666666667;up;0.5
1051;5653.6;4594.326000000001;up;0.5
1052;5801.29;4703.424000000001;up;1.0
1053;5679.7;4793.664666666668;up;0.7775756350650209
1054;5745.72;4884.898000000001;up;1.0
1055;5597.31;4965.286666666668;up;0.5654149519890274
1056;5582.05;5049.701333333333;up;0.5
1057;5698.69;5148.312000000002;up;0.5
1058;5977.29;5260.058666666668;up;0.5932298695456586
1059;6013.46;5370.092666666668;up;1.0
1060;5969.0;5473.139333333335;up;1.0
1061;5871.17;5558.018666666669;up;1.0
1062;5523.4;5608.598666666669;no;0.0
1063;5735.88;5674.371333333335;no;0.0
1064;5890.0;5745.570666666668;no;0.5
1065;5771.89;5767.363333333336;no;0.050654076915511825
1066;5730.69;5772.502666666669;no;0.0
1067;6137.37;5794.908000000002;no;0.027655782572719903
1068;6119.99;5824.26066666667;no;0.0
1069;6434.21;5870.1600000000035;no;0.0
1070;6741.59;5946.445333333338;no;0.0
1071;7030.0;6042.975333333337;up;0.5
1072;7146.82;6139.517333333336;up;0.5
1073;7388.83;6233.6200000000035;up;1.0
1074;7372.72;6324.237333333336;up;1.0
1075;6967.68;6390.8160000000025;up;0.5
1076;7130.28;6474.75666666667;up;0.5
1077;7450.32;6603.2180000000035;up;1.0
1078;7148.0;6697.359333333337;up;1.0
1079;6588.18;6743.904666666669;no;0.5
1080;6355.13;6782.787333333336;no;0.37015882712278564
1081;5870.37;6792.099333333335;no;0.0
1082;6525.17;6817.952666666669;no;0.0
1083;6609.0;6850.553333333335;no;0.0
1084;7294.0;6907.872666666667;no;0.0
1085;7846.96;6981.564000000002;no;0.5
1086;7674.99;7024.563333333336;no;0.0
1087;7771.03;7066.177333333336;no;0.0
1088;8016.58;7108.027333333335;up;0.5
1089;8226.17;7164.924000000003;up;1.0
1090;8095.23;7240.094000000003;up;0.7353449421773214
1091;8214.69;7312.388000000003;up;1.0
1092;7989.0;7348.300000000002;up;0.5
1093;8199.19;7418.379333333335;up;0.5
1094;8717.99;7560.366666666669;up;0.5
1095;9271.06;7754.762000000002;up;0.5
1096;9708.07;8010.608666666669;up;0.5
1097;9868.82;8233.518666666669;up;0.6794454833726299
1098;9824.68;8447.897333333336;up;0.5
1099;9947.67;8624.808666666671;up;0.5
1100;10840.45;8824.374666666672;up;0.5
1101;10872.0;9037.508666666672;up;0.5
1102;11250.0;9269.440000000006;up;0.5
1103;11613.07;9509.20600000001;up;0.5
1104;11677.0;9739.261333333341;up;0.5
1105;13623.5;10107.812666666672;up;0.5
1106;16599.99;10666.832666666673;up;1.0
1107;15800.0;11187.566000000004;up;1.0
1108;14607.49;11614.786000000006;up;0.5
1109;14691.0;12012.986666666673;up;0.5
1110;16470.0;12492.916000000005;up;0.7749931251718718
1111;16650.01;12955.712000000005;up;1.0
1112;16250.0;13381.124000000005;up;0.5
1113;16404.99;13819.81133333334;up;0.5
1114;17471.5;14321.400000000005;up;0.5
1115;19187.78;14877.88866666667;up;1.0
1116;18953.0;15416.622000000005;up;1.0
1117;18940.57;15929.32666666667;up;1.0
1118;17700.0;16335.122000000005;up;1.0
1119;16466.98;16654.454000000005;no;0.5
1120;15600.01;16786.22133333334;no;0.5
1121;14009.79;16613.541333333338;no;0.0
1122;14619.0;16534.808000000005;no;0.5
1123;14157.87;16504.833333333336;no;0.0665323015821624
1124;13911.28;16452.852000000006;down;0.0
1125;15764.44;16405.81466666667;down;0.5
1126;15364.93;16320.142666666667;down;0.5
1127;14470.07;16201.480666666668;down;0.5
1128;14340.0;16063.814666666667;down;0.5
1129;12640.0;15741.714666666667;down;0.0
1130;13880.0;15387.86266666667;down;0.17668126229229558
1131;13443.41;15020.55666666667;down;0.0
1132;14678.94;14736.448000000002;down;0.0
1133;15155.62;14566.822666666667;no;0.003348595831488774
1134;15143.67;14478.602000000004;no;0.0
1135;16928.0;14567.134666666667;no;0.3919368205528208
1136;17149.67;14776.46;no;0.5
1137;16124.02;14876.794666666665;no;0.5
1138;14999.99;14932.935999999998;up;1.0
1139;14403.51;14965.751333333332;no;0.3522315164106209
1140;14890.02;14907.456666666665;no;0.5
1141;13243.83;14766.049999999996;no;0.0
1142;13781.41;14720.13933333333;no;0.1213372378544534
1143;14197.78;14710.657999999998;down;0.5
1144;13647.99;14777.85733333333;no;0.5
1145;13607.04;14759.659999999998;no;0.5
1146;11386.34;14622.521999999995;no;0.5
1147;11191.35;14390.015999999998;no;0.0
1148;11247.57;14129.479333333333;down;0.0
1149;11552.0;13890.034666666665;down;0.0
1150;12775.99;13613.233999999995;down;0.5
1151;11558.87;13240.513999999996;down;0.5
1152;10808.99;12886.178666666665;down;0.0
1153;10851.82;12609.633999999998;down;0.0
1154;11400.96;12409.463999999998;down;0.5
1155;11155.54;12160.498666666665;down;0.08850646228682955
1156;11092.95;12017.106666666668;down;0.0
1157;11446.54;11861.448666666667;down;0.2714547957778803
1158;11685.58;11693.968666666666;down;0.5
1159;11162.62;11528.277333333332;down;0.5
1160;9971.0;11285.874666666667;down;0.42260936861418597
1161;10149.0;11203.385333333335;down;0.5
1162;8998.99;11057.228000000001;down;0.20690902514016948
1163;8838.83;10896.64533333333;down;0.3130036913205649
1164;9225.86;10741.569333333333;down;0.5
1165;8191.0;10435.903333333332;down;0.5
1166;6874.27;10123.596666666666;down;0.0
1167;7737.37;9918.821999999998;down;0.11117231112765141
1168;7588.01;9701.234666666664;down;0.0
1169;8259.76;9491.821333333333;down;0.0
1170;8693.98;9327.717333333334;down;0.5
1171;8560.0;9158.854;down;0.29627403846153844
1172;8067.0;8933.551333333333;down;0.0
1173;8899.0;8747.779333333334;no;0.1942220477484273
1174;8522.99;8571.804;no;0.0
1175;9490.98;8539.802666666666;no;0.0
1176;10018.0;8531.069333333335;no;0.0
1177;10196.0;8610.87;no;0.0
1178;11101.0;8761.681333333334;no;0.45212383966805864
1179;10421.06;8841.361333333332;no;0.0
1180;11173.0;9040.161333333332;up;0.9614737056925295
1181;11233.41;9330.770666666667;up;1.0
1182;10449.4;9511.572666666667;up;1.0
1183;9843.34;9661.927999999998;up;0.6610447165570983
1184;10166.1;9789.017333333333;up;1.0
1185;9689.99;9855.417999999998;no;0.06802466447063875
1186;9590.04;9924.087333333333;no;0.0
1187;10324.7;10074.600666666664;no;0.019490851233096868
1188;10566.3;10185.753999999997;no;0.2136919232273089
1189;10314.9;10305.214666666663;no;0.0
1190;10903.13;10399.357999999998;no;0.0
1191;11029.99;10466.823999999997;up;0.5
1192;11445.0;10550.090666666663;up;0.7925278219395848
1193;11463.27;10574.241999999997;up;1.0
1194;11419.24;10640.78733333333;up;1.0
1195;10723.76;10610.837999999996;no;0.5
1196;9913.03;10522.812666666663;no;0.5
1197;9285.32;10445.20733333333;no;0.5
1198;9230.0;10404.317999999996;no;0.2948814503005768
1199;8791.47;10312.675999999998;no;0.0
1200;9535.04;10302.345999999998;down;0.5
1201;9120.75;10271.059999999998;down;0.48859490498397906
1202;9142.32;10192.234666666664;down;0.5
1203;8196.69;10034.260666666663;down;0.0
1204;8265.05;9897.603999999998;down;0.5
1205;8258.54;9721.298;down;0.5
1206;7860.83;9510.020666666664;down;0.0
1207;8188.24;9292.90333333333;down;0.0
1208;8596.93;9101.813999999997;down;0.0
1209;8904.02;8934.132666666665;down;0.5
1210;8893.79;8812.134666666663;no;0.4375347029428098
1211;8704.67;8731.57733333333;no;0.21090719387891557
1212;8920.79;8707.275333333331;no;0.5
1213;8547.0;8661.741999999998;no;0.5
1214;8453.9;8639.23733333333;no;0.5
1215;8149.66;8546.878666666664;no;0.5
1216;7791.7;8458.275333333331;no;0.41664395815314614
1217;7932.41;8377.614666666665;down;0.5
1218;7088.38;8303.727333333332;down;0.5
1219;6850.0;8209.390666666664;down;0.15847089487402144
1220;6928.62;8120.729333333333;down;0.24055341916067455
1221;6813.52;8050.908666666665;down;0.0
1222;7052.76;7975.209999999997;down;0.20509637850467302
1223;7416.27;7896.4993333333305;down;0.5
1224;6799.95;7756.227999999997;down;0.5
1225;6771.69;7614.754666666662;down;0.2675786020867499
1226;6618.33;7475.66533333333;down;0.0
1227;6904.9;7341.272666666662;down;0.2524680368991733
1228;7027.26;7239.956666666662;down;0.5
1229;6780.1;7128.369999999996;down;0.0
1230;6835.67;7040.770666666663;down;0.0
1231;6940.94;6984.05333333333;down;0.0
1232;7923.78;6983.477999999996;no;0.1297709923664109
1233;7896.92;7037.380666666662;no;0.0
1234;8000.41;7114.074666666663;no;0.0
1235;8354.22;7209.114666666663;no;0.5
1236;8048.15;7291.423333333329;up;0.7788949178990665
1237;7890.87;7347.297333333328;up;0.5
1238;8172.84;7397.735333333328;up;0.5
1239;8271.31;7495.8259999999955;up;0.5
1240;8861.0;7635.113333333327;up;0.7716634799235216
1241;8920.71;7788.605333333327;up;0.9164277979489097
1242;8789.96;7914.275999999995;up;0.5
1243;8946.95;8042.255333333329;up;0.5523364963410435
1244;9648.0;8233.448666666663;up;1.0
1245;8864.99;8368.736666666658;up;0.5
1246;9274.48;8524.305999999993;up;0.9166469977341378
1247;8921.43;8590.815999999993;up;0.5
1248;9345.11;8687.361999999996;up;0.839019891977344
1249;9393.99;8780.267333333328;up;1.0
1250;9242.17;8839.463999999996;up;1.0
1251;9066.9;8907.380666666662;up;0.5
1252;9222.0;8996.122666666663;up;0.5
1253;9732.43;9100.095333333331;up;0.6415042222397613
1254;9696.57;9195.112666666662;up;0.6828126564533867
1255;9823.28;9259.264666666662;up;1.0
1256;9623.54;9306.119999999997;up;1.0
1257;9359.52;9344.090666666663;up;1.0
1258;9167.69;9358.806666666664;no;0.25513043478260994
1259;9308.49;9336.172666666662;no;0.5
1260;9020.99;9346.572666666663;no;0.5
1261;8411.42;9289.03533333333;no;0.0
1262;8481.6;9259.71333333333;no;0.0
1263;8696.58;9216.477999999996;no;0.5
1264;8674.36;9168.502666666662;down;0.5
1265;8474.99;9117.357333333326;down;0.5
1266;8346.59;9069.336666666659;down;0.5
1267;8067.03;8992.33866666666;down;0.0
1268;8248.87;8893.434666666659;down;0.030753968253968506
1269;8231.2;8795.743333333327;down;0.0
1270;8518.48;8708.756666666659;down;0.5
1271;8391.76;8626.637999999995;down;0.5
1272;7984.08;8534.941999999994;down;0.5
1273;7502.89;8423.955333333326;down;0.13703543647363908
1274;7586.88;8309.181333333327;down;0.5
1275;7471.18;8205.860666666658;down;0.5
1276;7335.99;8134.165333333326;down;0.4757333219805004
1277;7347.39;8058.5513333333265;down;0.32902367278330363
1278;7112.5;7952.945999999994;down;0.0
1279;7469.45;7872.618666666659;down;0.40205920205920254
1280;7375.73;7799.334666666659;down;0.0
1281;7492.28;7742.380666666659;down;0.0
1282;7511.6;7705.3519999999935;down;0.0
1283;7642.0;7664.893999999994;down;0.3568543707348774
1284;7703.67;7629.7253333333265;no;0.5
1285;7488.26;7561.0439999999935;no;0.0
1286;7617.98;7509.458666666659;no;0.0
1287;7658.57;7487.757999999992;no;0.28424898131235066
1288;7689.28;7500.183999999993;no;0.5
1289;7618.11;7502.265999999991;no;0.5
1290;7492.7;7503.700666666659;no;0.5
1291;6781.17;7466.712666666659;no;0.3460395119836506
1292;6880.61;7435.593999999993;no;0.5
1293;6557.67;7398.605333333327;no;0.36945674638322984
1294;6307.4;7321.135333333325;down;0.0
1295;6646.1;7272.4933333333265;down;0.5
1296;6390.6;7199.0479999999925;down;0.0
1297;6487.92;7130.802666666659;down;0.06790900861899365
1298;6453.41;7051.563333333326;down;0.0
1299;6707.5;6985.151999999993;down;0.0
1300;6736.52;6935.035999999994;down;0.23777777777778444
1301;6756.58;6877.6093333333265;down;0.5
1302;6718.33;6814.926666666662;down;0.5
1303;6050.45;6705.671333333326;down;0.0
1304;6177.38;6609.622666666662;down;0.11964873765093535
1305;6153.4;6520.335999999994;down;0.23005226011529495
1306;6253.61;6485.165333333326;down;0.5
1307;6068.0;6430.991333333326;down;0.38228742473286653
1308;6135.64;6402.855999999994;down;0.4036273215138666
1309;5848.33;6372.251333333327;down;0.0
1310;6204.24;6342.7939999999935;down;0.0
1311;6385.71;6342.4679999999935;no;0.0679113274268989
1312;6349.99;6333.272666666661;no;0.0
1313;6612.98;6343.910666666661;no;0.5
1314;6507.99;6330.609999999995;no;0.0
1315;6584.25;6320.458666666661;no;0.40229153405474444
1316;6533.69;6305.599333333327;no;0.0
1317;6596.53;6297.479333333326;no;0.0
1318;6759.99;6344.781999999995;no;0.5
1319;6706.6;6380.063333333328;no;0.5
1320;6666.75;6414.286666666662;no;0.5
1321;6299.46;6417.343333333329;no;0.20415809579782535
1322;6380.0;6438.143333333329;no;0.5
1323;6243.88;6445.359333333329;no;0.49823881648468726
1324;6215.59;6469.843333333329;no;0.0
1325;6243.98;6472.492666666662;no;0.0
1326;6349.3;6470.0653333333275;no;0.0
1327;6721.04;6494.801999999994;no;0.0
1328;7310.71;6541.317333333328;no;0.0
1329;7374.88;6599.109999999995;no;0.1566367904396073
1330;7471.42;6658.254666666661;no;0.5
1331;7330.84;6711.397999999995;up;0.5
1332;7409.92;6765.623999999994;up;0.5206179183951454
1333;7396.6;6808.064666666662;up;0.5
1334;7719.62;6875.599333333326;up;0.5
1335;8403.83;6991.40466666666;up;1.0
1336;8174.06;7116.377999999992;up;0.9825131297412959
1337;7926.0;7219.444666666659;up;0.5
1338;8183.05;7348.722666666659;up;0.5
1339;8237.74;7483.5326666666615;up;1.0
1340;8216.74;7615.049999999994;up;1.0
1341;8160.21;7735.777333333328;up;1.0
1342;7725.43;7802.736666666661;no;0.5
1343;7602.01;7822.156666666659;no;0.5
1344;7536.37;7832.922666666659;no;0.5
1345;7416.98;7829.293333333327;no;0.5
1346;7009.99;7807.903333333326;no;0.38279792746114044
1347;7032.61;7782.749333333327;no;0.5
1348;6936.11;7752.049999999993;down;0.5
1349;6717.68;7685.2539999999935;down;0.5
1350;6283.59;7543.904666666659;down;0.17782400871783466
1351;6543.76;7435.2179999999935;down;0.5
1352;6139.99;7316.150666666659;down;0.0
1353;6239.98;7186.612666666659;down;0.0
1354;6310.82;7058.151333333326;down;0.5
1355;6252.63;6927.2106666666605;down;0.375
1356;6193.62;6796.104666666658;down;0.0
1357;6272.3;6699.229333333326;down;0.0
1358;6313.51;6613.329333333327;down;0.0
1359;6580.15;6549.581333333325;no;0.5
1360;6399.28;6481.734666666659;no;0.31301713613962107
1361;6481.99;6446.534666666659;no;0.5
1362;6260.82;6395.081999999991;no;0.0
1363;6479.27;6364.625999999991;no;0.3648744460856727
1364;6355.76;6340.497999999991;no;0.0
1365;6525.01;6356.592666666659;no;0.0
1366;6692.94;6366.537999999991;no;0.0
1367;6732.4;6406.031999999991;no;0.07826513109531873
1368;6700.46;6436.730666666659;up;0.5
1369;6904.51;6476.309999999991;up;0.5
1370;7080.94;6531.530666666657;up;1.0
1371;7032.96;6587.4866666666585;up;1.0
1372;6984.01;6634.933999999991;up;0.5
1373;7017.35;6681.856666666659;up;0.5
1374;7185.01;6722.180666666659;up;0.5
1375;7290.31;6781.582666666659;up;0.6535143613371265
1376;7258.99;6833.382666666659;up;0.9251796978142877
1377;7361.0;6906.727999999993;up;1.0
1378;6679.3;6920.063333333326;no;0.5
1379;6493.09;6929.218666666659;no;0.5
1380;6400.0;6920.88466666666;no;0.5
1381;6178.31;6886.575999999993;no;0.0
1382;6236.04;6853.485333333327;no;0.0
1383;6301.99;6826.9206666666605;down;0.2590673575129531
1384;6279.99;6785.285999999994;down;0.0
1385;6322.45;6734.719999999993;down;0.0
1386;6485.7;6698.235999999993;down;0.10529330889092257
1387;6476.51;6664.4026666666605;down;0.0
1388;6520.15;6631.255999999991;down;0.5
1389;6499.98;6585.587333333327;down;0.5
1390;6254.52;6516.534666666659;down;0.0
1391;6332.34;6454.757999999992;down;0.0
1392;6388.4;6389.9179999999915;down;0.0
1393;6492.98;6377.496666666658;no;0.0
1394;6749.45;6394.587333333325;no;0.5
1395;6710.01;6415.254666666658;no;0.5
1396;6702.22;6450.181999999992;no;0.5
1397;6581.52;6473.213999999992;up;1.0
1398;6428.99;6481.680666666658;no;0.0
1399;6461.51;6493.781999999991;no;0.0
1400;6681.62;6517.7266666666565;no;0.5
1401;6610.76;6526.06399999999;no;0.5
1402;6579.38;6532.921999999991;no;0.15370161593386156
1403;6597.81;6538.099333333325;no;0.5
1404;6571.2;6542.847333333325;up;1.0
1405;6500.0;6559.212666666658;no;0.23807688071373267
1406;6456.77;6567.507999999992;no;0.0
1407;6547.56;6578.118666666659;no;0.045741324921141906
1408;6582.12;6584.061333333327;no;0.5
1409;6544.08;6570.369999999993;no;0.0
1410;6577.63;6561.5446666666585;no;0.0
1411;6604.75;6555.04666666666;no;0.5
1412;6588.8;6555.531999999993;no;0.5
1413;6517.55;6561.4359999999915;no;0.5
1414;6152.76;6540.852666666659;no;0.0
1415;6185.15;6507.7546666666585;no;0.06440982624325008
1416;6199.69;6480.349999999993;no;0.0322524542011278
1417;6183.0;6453.92466666666;down;0.0
1418;6441.74;6443.519999999992;down;0.09305729820158605
1419;6461.2;6436.18666666666;no;0.5
1420;6437.29;6432.005999999993;no;0.5
1421;6396.18;6427.96666666666;no;0.2163265306122519
1422;6383.46;6417.02666666666;no;0.0
1423;6412.86;6405.7426666666615;no;0.46448087431690865
1424;6413.38;6397.0293333333275;no;0.5
1425;6406.06;6385.5913333333265;no;0.34097035040432405
1426;6393.41;6371.501999999994;no;0.0
1427;6411.96;6359.712666666662;no;0.5
1428;6393.53;6351.444666666662;no;0.0
1429;6406.1;6368.3339999999935;no;0.4070321811680811
1430;6407.66;6383.167999999995;no;0.5
1431;6399.27;6396.473333333329;no;nan
